動畫名,年份,月份,集數,星級,評分人數,導演監督,製作廠商,作品分類1,作品分類2,作品分類3,作品分類4,作品分類5,作品分類6,原作載體,新續作,平均觀看數(萬),總觀看數(萬)
叫我對大哥 (TV版),2021,夏番,12,4.8,600,青木純,Fanworks、SPACE NEKO COMPANY,喜劇,悠閒,泡麵番,闔家觀賞,,,漫畫改編,新作,1.8,21.7
汪汪與喵喵,2020,秋番,24,4.8,200,岸誠二,Team Till Dawn,喜劇,溫馨,泡麵番,闔家觀賞,,,漫畫改編,新作,0.3,6.6
鬼滅之刃 刀匠村篇,2023,春番,11,4.8,18600,外崎春雄,ufotable,動作,冒險,奇幻,血腥暴力,,,漫畫改編,續作,49.9,548.8
IDOLiSH7 - 偶像星願 - Third BEAT！,2021,夏番,30,4.8,1300,別所誠人,TROYCA,偶像,音樂,,,,,遊戲改編,續作,1.9,56.0
薄櫻鬼 新OVA,2021,秋番,3,4.8,300,ヤマサキオサム,Studio DEEN,奇幻,戀愛,歷史,,,,遊戲改編,續作,1.6,4.9
機戰少女 Alice Expansion,2023,春番,12,4.5,700,花井宏和,NOMAD,科幻,機甲,喜劇,,,,遊戲改編,新作,0.8,9.4
機動戰士鋼彈 水星的魔女 Season 2,2023,春番,12,4.9,8600,⼩林寬,SUNRISE,科幻,機甲,校園,戰爭,,,原創作品,續作,12.1,145.1
小鳥之翼 第二季,2023,春番,12,4.8,1300,稲垣隆行,BN Pictures,運動,競技,,,,,原創作品,續作,1.3,15.1
境界服務,2023,春番,12,3.8,100,迫井政行,Studio 3Hz,動作,科幻,喜劇,職場,,,原創作品,新作,0.1,1.3
真・進化果實～不知不覺踏上勝利的人生～,2023,冬番,12,2.9,3200,奧村吉昭,HOTLINE,冒險,奇幻,,,,,小說改編,新作,3.9,47.2
DECA - DENCE,2020,春番,13,4.9,6000,立川讓,NUT,動作,冒險,科幻,,,,原創作品,新作,12.8,166.3
噴嚏大魔王 2020,2020,春番,20,4.2,100,濁川敦,タツノコプロ・日本アニメーション,冒險,喜劇,闔家觀賞,,,,原創作品,新作,0.3,6.6
BUILD-DIVIDE -#000000- CODE BLACK,2021,秋番,12,3.9,600,駒田由貴,LIDENFILMS,超能力,科幻,競技,,,,原創作品,新作,1.6,19.4
在地下城尋求邂逅是否搞錯了什麼 第三季,2020,秋番,13,4.8,5500,橘秀樹,J.C.STAFF,動作,冒險,奇幻,,,,小說改編,續作,31.6,411.3
我家的英雄,2023,春番,12,4.8,3900,龜井隆,手塚製作,親情,懸疑,黑暗,,,,漫畫改編,新作,5.1,60.7
屍體如山的死亡遊戲,2023,春番,20,4.8,10100,小野學,GEEK TOYS,動作,冒險,異世界,血腥暴力,,,漫畫改編,續作,13.4,267.8
【我推的孩子】,2023,春番,11,4.9,52600,平牧大輔,動畫工房 (DOGAKOBO),親情,偶像,懸疑,,,,漫畫改編,新作,64.2,706.5
擁有超常技能的異世界流浪美食家,2023,冬番,12,4.9,22100,松田清,MAPPA,冒險,奇幻,異世界,料理,,,小說改編,新作,28.9,346.5
久保同學不放過我,2023,冬番,12,4.9,12700,古賀一臣,PINE JAM,校園,戀愛,青春,,,,漫畫改編,新作,11.8,141.2
狩火之王,2023,冬番,10,4.7,900,西村純二,SIGNAL.MD,冒險,奇幻,,,,,小說改編,新作,1.6,16.3
被解僱的暗黑士兵（30多歲）開始了慢生活的第二人生,2023,冬番,12,4.7,5300,追崎史敏,ENCOURAGE FILMS,冒險,奇幻,,,,,小說改編,新作,11.7,140.3
艦隊 Collection 總有一天，在那片海,2022,秋番,8,4.3,200,三浦和也,ENGI,機甲,歷史,戰爭,,,,遊戲改編,續作,0.2,1.4
絆之 Allele,2023,春番,12,4.2,1300,駒屋健一郎,WIT STUDIO×SIGNAL.MD,校園,偶像,音樂,,,,原創作品,新作,0.9,10.3
在地下城尋求邂逅是否搞錯了什麼 第四季,2023,冬番,23,4.8,13100,橘秀樹,J.C.STAFF,動作,冒險,奇幻,,,,小說改編,續作,22.9,526.8
魔法使的新娘 第二季,2023,春番,21,4.9,5100,寺澤和晃,STUDIO KAFKA,冒險,奇幻,魔法,戀愛,溫馨,,漫畫改編,續作,5.1,106.7
MIX 第二季 ~第二個夏天，邁向晴空~,2023,春番,24,4.6,600,神谷智大,OLM,校園,青春,勵志,運動,競技,,漫畫改編,續作,0.7,17.0
吸血鬼馬上死 第二季,2023,冬番,12,4.9,3000,神志那弘志,MADHOUSE,奇幻,喜劇,靈異神怪,,,,漫畫改編,續作,3.9,46.7
魔王學院的不適任者～史上最強的魔王始祖，轉生就讀子孫們的學校～第二季,2023,冬番,12,4.6,6500,大沼心、田村正文,SILVER LINK.,冒險,奇幻,,,,,小說改編,續作,14.3,171.8
給不滅的你 第二季,2022,秋番,20,4.9,3700,佐山聖子,Drive,冒險,奇幻,感人,,,,漫畫改編,續作,4.7,93.1
尼爾：自動人形 Ver1.1a,2023,冬番,12,4.9,7800,益山亮司,A-1 Pictures,動作,科幻,黑暗,,,,遊戲改編,新作,9.2,109.9
呆萌酷男孩,2022,秋番,24,4.9,4700,今千秋,Studio Pierrot,喜劇,青春,悠閒,,,,漫畫改編,新作,5.0,119.0
她來自煩星,2022,秋番,23,4.9,4700,高橋秀彌、木村泰大,david production,喜劇,戀愛,,,,,漫畫改編,新作,4.1,93.8
我與機器子,2022,秋番,28,4.9,5400,大地丙太郎,GALLOP,喜劇,泡麵番,,,,,漫畫改編,新作,5.4,150.9
藍色監獄,2022,秋番,24,4.9,12300,渡邊徹明、石川俊介,8bit,動作,運動,競技,,,,漫畫改編,新作,20.5,492.1
夫婦以上，戀人未滿,2022,秋番,12,4.8,8500,山元隼一,studio MOTHER,校園,戀愛,青春,,,,漫畫改編,新作,12.3,148.0
英雄王，為了窮盡武道而轉生～而後成為世界最強見習騎士♀～,2023,冬番,12,4.4,7100,葛谷直行,STUDIO COMET,冒險,奇幻,,,,,小說改編,新作,13.8,165.9
妖幻三重奏,2023,冬番,12,4.8,2600,秋田谷典昭,CONNECT,校園,喜劇,戀愛,靈異神怪,,,漫畫改編,新作,3.1,37.4
路人超能 100 第三季,2022,秋番,12,5.0,14000,立川讓、蓮井隆弘,BONES,動作,超能力,勵志,溫馨,感人,靈異神怪,漫畫改編,續作,16.2,194.2
MUV-LUV ALTERNATIVE 第二季,2022,秋番,12,4.5,900,西本由紀夫,FLAGSHIP LINE×夢太公司×Graphinica,科幻,機甲,戀愛,,,,遊戲改編,續作,1.9,22.8
物之古物奇譚,2023,冬番,24,4.8,4900,木村隆一,BN Pictures,奇幻,靈異神怪,,,,,漫畫改編,續作,5.3,126.1
烙印勇士 黃金時代篇 MEMORIAL EDITION 年齡限制版,2022,秋番,13,4.7,1400,佐野雄太,STUDIO４℃,冒險,奇幻,戰爭,血腥暴力,黑暗,18禁,漫畫改編,續作,1.7,21.7
眾神眷顧的男人 2,2023,冬番,12,4.4,3300,柳瀨雄之,MAHO FILM,冒險,奇幻,,,,,小說改編,新作,8.1,97.1
Buddy Daddies 殺手奶爸,2023,冬番,13,4.9,5500,浅井義之,P.A.WORKS,動作,喜劇,溫馨,,,,原創作品,新作,6.3,82.0
聖劍傳說 Legend of Mana - The Teardrop Crystal -,2022,秋番,13,3.9,700,神保昌登,Graphinica、橫浜動畫研究所,冒險,奇幻,,,,,原創作品,新作,1.2,15.8
鏈鋸人,2022,秋番,12,4.8,11600,中山龍,MAPPA,動作,血腥暴力,,,,,漫畫改編,新作,10.2,121.9
我想成為影之強者！,2022,秋番,20,4.9,26000,中西和也,Nexus,動作,奇幻,異世界,魔法,校園,血腥暴力,小說改編,新作,43.4,868.4
我的英雄學院 第六季,2022,秋番,25,4.8,9000,長崎健司、向井雅浩,BONES,動作,超能力,校園,勵志,,,漫畫改編,續作,15.5,388.2
孤獨搖滾！,2022,秋番,12,5.0,44800,齋藤圭一郎,CloverWorks,校園,喜劇,青春,勵志,音樂,,漫畫改編,新作,63.2,757.9
PUI PUI 天竺鼠車車 駕訓班篇,2022,秋番,12,4.8,2500,小野花,新銳動畫、Japan Green Hearts,喜劇,溫馨,悠閒,闔家觀賞,泡麵番,,原創作品,續作,3.2,38.5
銀砂糖師與黑妖精～sugar apple fairy tale～,2023,冬番,24,4.6,4200,鈴木洋平,J.C.STAFF,冒險,奇幻,戀愛,,,,小說改編,續作,4.4,104.4
冰屬性男子與無表情女子,2023,冬番,12,4.9,7700,萬球,ZERO-G×Liber,奇幻,戀愛,職場,,,,漫畫改編,新作,8.6,103.8
TRIGUN STAMPEDE,2023,冬番,12,4.9,3900,武藤健司,Orange,動作,冒險,科幻,,,,漫畫改編,續作,4.8,57.7
鍵等 第二季,2022,春番,12,4.8,800,坂本一也,LIDENFILMS 京都 Studio,校園,喜劇,泡麵番,,,,遊戲改編,續作,1.2,14.8
新網球王子 U-17 世界盃,2022,夏番,13,4.0,600,川口敬一郎,Studio KAI,超能力,校園,青春,運動,競技,,漫畫改編,續作,2.0,26.0
奇米萌 CHIMIMO,2022,夏番,12,4.9,700,ぴのあると,新銳動畫,喜劇,溫馨,悠閒,,,,原創作品,新作,0.7,8.3
憂國的莫里亞蒂 OVA,2022,春番,2,4.9,800,,Production I.G,推理,懸疑,,,,,漫畫改編,續作,2.6,5.2
輝夜姬想讓人告白 ー超級浪漫ー,2022,春番,13,5.0,26900,畠山守,A-1 Pictures,校園,喜劇,戀愛,,,,漫畫改編,續作,40.8,529.9
式守同學不只可愛而已,2022,春番,14,4.8,13100,伊藤良太,動画工房,校園,戀愛,,,,,漫畫改編,新作,18.4,257.6
歡迎來到實力至上主義的教室 第二季,2022,夏番,13,4.6,12700,岸誠二、橋本裕之、仁昌寺義人,Lerche,校園,懸疑,黑暗,,,,小說改編,續作,31.2,406.0
關於我在無意間被隔壁的天使變成廢柴這件事,2023,冬番,12,4.7,13200,王麗花,project No.9,校園,戀愛,溫馨,,,,小說改編,新作,19.8,238.0
轉生公主與天才千金的魔法革命,2023,冬番,12,4.9,15400,玉木慎吾,diomedéa,冒險,奇幻,異世界,戀愛,GL,,小說改編,新作,16.9,203.3
不當哥哥了！,2023,冬番,12,4.9,11000,藤井慎吾,Studio Bind,校園,喜劇,親情,,,,漫畫改編,新作,13.5,161.8
不要欺負我，長瀞同學 2nd Attack,2023,冬番,12,4.9,4500,後信治,OLM,校園,喜劇,戀愛,青春,,,漫畫改編,續作,5.6,67.3
女忍者椿的心事,2022,春番,13,4.9,5300,角地拓大,CloverWorks,動作,校園,喜劇,戀愛,,,漫畫改編,新作,6.8,88.1
愛在征服世界後,2022,春番,12,4.9,7700,いわたかずや,project No.9,動作,喜劇,戀愛,特攝,,,漫畫改編,新作,10.4,124.7
這個僧侶有夠煩,2022,春番,12,4.4,6200,中西伸彰,壽門堂,冒險,奇幻,魔法,喜劇,,,漫畫改編,新作,6.4,77.2
境界戰機 第二部,2022,春番,12,4.1,500,羽原信義,BANDAI SPIRITS、SUNRISE BEYOND,科幻,機甲,,,,,原創作品,續作,1.6,18.7
冰冰冰 冰淇淋君 第二季,2022,夏番,12,3.4,100,松村樹里亜,新銳動畫,溫馨,闔家觀賞,,,,,原創作品,續作,0.1,1.5
SPY×FAMILY 間諜家家酒,2022,春番,25,4.9,52700,古橋一浩,WIT STUDIO×CloverWorks,動作,喜劇,親情,,,,漫畫改編,續作,70.4,1760.3
出租女友 第二季,2022,夏番,12,4.6,6700,古賀一臣,TMS Entertainment,喜劇,戀愛,青春,,,,漫畫改編,續作,11.9,143.2
杜鵑婚約,2022,春番,46,4.8,6700,赤城博昭,新銳動畫 Synergy SP,校園,戀愛,青春,,,,漫畫改編,新作,5.5,251.2
Lycoris Recoil 莉可麗絲,2022,夏番,13,4.9,36400,足立慎吾,A-1 Pictures,動作,科幻,,,,,原創作品,新作,47.8,621.9
OVERLORD 第四季,2022,夏番,13,4.9,14700,伊藤尚往,MADHOUSE,冒險,奇幻,異世界,魔法,,,小說改編,續作,34.6,450.3
異世界迷宮裡的後宮生活,2022,夏番,12,4.2,4600,龍輪直征,パッショーネ,冒險,奇幻,異世界,,,,小說改編,新作,9.8,117.9
轉生賢者的異世界生活～取得第二職業，成為世界最強～,2022,夏番,12,3.4,5600,小嶋慶祐,REVOROOT,冒險,奇幻,異世界,,,,小說改編,新作,12.5,150.3
史上最強大魔王轉生為村民 A,2022,春番,12,3.3,8200,湊未來,SILVER LINK.×BLADE,冒險,奇幻,魔法,,,,小說改編,新作,18.7,224.6
新 忍者哈特利 第六季,2022,冬番,26,4.0,0,やすみ哲夫,Shambhoo S.Phaike,喜劇,悠閒,親情,闔家觀賞,,,漫畫改編,續作,0.1,2.8
新 忍者哈特利 第五季,2022,冬番,26,3.2,0,やすみ哲夫,Shambhoo S.Phaike,喜劇,悠閒,親情,闔家觀賞,,,漫畫改編,續作,0.1,2.9
BUILD-DIVIDE -#FFFFFF- CODE WHITE,2022,春番,12,4.4,400,駒田由貴,LIDENFILMS,超能力,科幻,競技,,,,原創作品,續作,0.7,8.3
異世界悠閒農家,2023,冬番,12,4.9,13200,倉谷涼一,ZERO-G,異世界,魔法,悠閒,,,,小說改編,新作,24.1,288.8
小智是女孩啦！,2023,冬番,13,4.9,7500,難波日登志,Lay-duce,校園,戀愛,,,,,漫畫改編,新作,9.9,129.3
萬事屋齋藤先生轉生異世界,2023,冬番,12,4.9,3300,窪岡俊之,C2C,冒險,奇幻,異世界,,,,漫畫改編,新作,3.6,43.2
小鳥之翼,2022,春番,13,4.8,1500,稻垣隆行,BN Pictures,運動,競技,,,,,原創作品,新作,2.1,27.2
群青的開幕曲,2022,春番,13,4.3,800,加藤誠,Lay-duce,校園,競技,,,,,原創作品,新作,1.1,14.6
勇者、辭職不幹了,2022,春番,12,4.7,11200,信田ユウ、石井久志,EMT Squared,動作,冒險,奇幻,,,,小說改編,續作,21.2,254.8
Love Live！虹咲學園 學園偶像同好會 第二季,2022,春番,13,4.8,2300,公野櫻子,SUNRISE,校園,青春,勵志,偶像,音樂,,漫畫改編,續作,2.9,37.5
盾之勇者成名錄 Season 2,2022,春番,13,3.8,7700,神保昌登,KINEMA CITRUS、DRMOVIE,冒險,奇幻,異世界,魔法,,,小說改編,續作,17.5,228.0
女性向遊戲世界對路人角色很不友好,2022,春番,12,4.7,6100,三浦和也、福元しんいち,ENGI,奇幻,校園,戀愛,,,,小說改編,新作,13.0,155.5
處刑少女的生存之道,2022,春番,12,4.7,6200,川崎芳樹,J.C.STAFF,動作,異世界,血腥暴力,,,,小說改編,新作,10.2,122.8
骸骨騎士大人異世界冒險中,2022,春番,12,4.8,12700,小野勝巳,Studio KAI×HORNETS,動作,冒險,奇幻,異世界,,,小說改編,新作,29.2,350.9
魔法使黎明期,2022,春番,12,4.3,2800,桑原智,手塚プロダクション,奇幻,魔法,校園,,,,小說改編,新作,7.1,85.4
相合之物,2022,春番,12,4.9,6400,追崎史敏,ENCOURAGE FILMS,溫馨,悠閒,料理,親情,職場,,漫畫改編,新作,7.5,89.9
文豪野犬 第四季,2023,冬番,13,4.9,600,五十嵐卓哉,BONES,動作,超能力,,,,,漫畫改編,續作,1.3,16.5
間諜教室,2023,冬番,24,4.3,6100,川口敬一郎,feel.,動作,校園,推理,,,,小說改編,續作,5.1,121.5
阿魯斯的巨獸,2023,冬番,12,4.5,2000,小黑晃,旭Production,冒險,奇幻,,,,,原創作品,新作,2.8,34.2
再得一勝！,2023,冬番,13,4.9,1500,荻原健,BAKKEN RECORD,青春,勵志,運動,競技,,,漫畫改編,新作,1.3,17.4
秘密內幕-女警的反擊,2022,冬番,13,4.9,3500,佐藤雄三,MADHOUSE,溫馨,職場,,,,,漫畫改編,新作,4.3,55.9
燒窯的話也要馬克杯 第二季,2021,秋番,24,4.6,300,神谷純,日本 Animation,校園,溫馨,,,,,漫畫改編,續作,0.3,7.7
最遊記 RELOAD -ZEROIN-,2022,冬番,13,4.6,700,高田美里,LIDENFILMS,動作,冒險,奇幻,靈異神怪,,,漫畫改編,續作,1.4,18.0
鬼滅之刃 遊郭篇,2021,秋番,11,4.9,18000,外崎春雄,ufotable,動作,冒險,奇幻,血腥暴力,,,漫畫改編,續作,92.8,1021.2
不相信人類的冒險者們好像要去拯救世界,2023,冬番,12,4.1,4200,伊魔崎齋,GEEK TOYS,冒險,奇幻,,,,,小說改編,新作,8.3,99.5
最強陰陽師的異世界轉生記,2023,冬番,13,4.6,10000,澀谷亮介,Studio Blanc.,冒險,奇幻,,,,,小說改編,新作,23.3,303.2
冰劍的魔術師將要統一世界,2023,冬番,12,3.3,5800,高田昌弘,CLOUD HEARTS,冒險,奇幻,,,,,小說改編,新作,9.6,115.7
D4DJ All Mix,2023,冬番,12,4.9,900,水島精二、鈴木大介,三次元,校園,青春,偶像,音樂,,,遊戲改編,續作,1.0,12.4
半妖的夜叉姬 第二季,2021,秋番,24,3.8,1100,菱田正和,SUNRISE,冒險,靈異神怪,,,,,漫畫改編,續作,4.0,95.8
HIGH CARD 至高之牌,2023,冬番,12,4.7,200,和田純一,雲雀工作室,動作,超能力,,,,,原創作品,新作,0.3,4.1
英雄傳說 閃之軌跡：北方戰役,2023,冬番,12,4.2,900,佐藤英一,龍之子製作,冒險,奇幻,戰爭,,,,遊戲改編,新作,1.6,19.4
UniteUp! 眾星齊聚,2023,冬番,12,4.8,900,牛嶋新一郎,CloverWorks,偶像,音樂,,,,,原創作品,新作,1.1,13.2
TechnoRoid 超越意志,2023,冬番,12,4.3,500,イムガヒ,動畫工房,科幻,偶像,音樂,,,,原創作品,新作,0.6,7.7
Love Live！虹咲學園 學園偶像同好會 短篇動畫,2023,冬番,12,4.8,1000,堀內勇治,SUNRISE,校園,青春,,,,,漫畫改編,新作,0.7,8.3
平凡職業造就世界最強 第二季,2022,冬番,15,4.7,7000,岩永彰,asread.×studio MOTHER,動作,冒險,奇幻,異世界,魔法,,小說改編,續作,15.9,238.1
卡片戰鬥!! 先導者 overdress 第二季,2021,秋番,13,3.4,100,森賢,Kinema Citrus、ぎふとアニメーション、STUDIOJEMI,校園,競技,,,,,遊戲改編,續作,0.3,3.7
加油吧同期醬,2021,夏番,12,4.9,3400,古賀一臣,AtelierPontdarc,戀愛,職場,,,,,漫畫改編,新作,7.8,93.9
SELECTION PROJECT,2021,秋番,13,4.8,1700,平牧大輔,動畫工房,校園,青春,偶像,音樂,,,原創作品,新作,2.1,27.6
緋紅結繫,2021,春番,26,3.5,900,西村博之,SUNRISE,冒險,超能力,科幻,時間穿越,,,遊戲改編,新作,2.4,61.5
急戰 5 秒殊死鬥,2021,夏番,12,4.2,2500,内藤明吾,SynergySP、ベガエンタテイメント,超能力,競技,血腥暴力,,,,漫畫改編,新作,11.4,137.1
川尻小玉的懶散生活,2022,冬番,24,4.6,1000,金子伸吾,Lapin Track,喜劇,泡麵番,,,,,漫畫改編,新作,1.0,23.8
擅長捉弄人的高木同學 第三季,2022,冬番,12,5.0,10900,赤城博昭,シンエイ動画,校園,喜劇,戀愛,青春,,,漫畫改編,續作,10.3,123.1
結城友奈是勇者 大滿開之章,2021,秋番,12,4.8,1000,岸誠二,Studio 五組,冒險,魔法,校園,血腥暴力,,,原創作品,續作,1.8,21.7
我立於百萬生命之上 第二季,2021,夏番,12,4.0,1800,羽原久美子,MAHO FILM,動作,冒險,奇幻,異世界,魔法,,漫畫改編,續作,9.3,111.5
機戰少女 Alice OVA,2021,夏番,3,4.4,100,花井宏和,NOMAD,科幻,機甲,喜劇,,,,遊戲改編,新作,0.2,0.7
幻想三國誌 — 天元靈心記,2022,冬番,12,3.4,700,町谷俊輔,GEEKTOYS,冒險,奇幻,,,,,遊戲改編,新作,0.9,10.7
白沙的 Aquatope,2021,夏番,24,4.9,4900,篠原俊哉,P.A.WORKS,青春,勵志,職場,,,,原創作品,新作,4.7,113.2
Futsal Boys！！！！！,2022,冬番,12,2.9,400,ひいろゆきな,diomedéa,青春,運動,競技,,,,原創作品,新作,0.6,7.7
自稱賢者弟子的賢者,2022,冬番,12,2.6,8000,元永慶太郎,studio A-CAT,冒險,奇幻,異世界,,,,小說改編,新作,11.1,133.0
戀上換裝娃娃,2022,冬番,12,5.0,41200,篠原啓輔,CloverWorks,校園,戀愛,青春,,,,漫畫改編,新作,63.3,759.1
憂國的莫里亞蒂 第一季 後半,2021,冬番,13,4.9,2000,野村和也,Production I.G,推理,懸疑,,,,,漫畫改編,新作,4.6,60.1
持續狩獵史萊姆三百年，不知不覺就練到 LV MAX,2021,春番,12,4.8,5200,木村延景,REVOROOT,冒險,奇幻,異世界,魔法,,,小說改編,新作,22.3,268.0
國高中一貫！！鬼滅學園物語,2021,冬番,7,4.2,600,外崎春雄,ufotable,校園,青春,闔家觀賞,泡麵番,,,漫畫改編,新作,4.4,30.7
變身成黑辣妹之後就和死黨上床了,2021,春番,8,3.6,900,ちょっこう,いらゐあす,戀愛,BL,泡麵番,,,,漫畫改編,新作,7.8,62.2
NOMAD MEGALOBOX 機甲拳擊 第二季,2021,春番,13,4.9,1700,森山洋,TMS Entertainment,機甲,運動,競技,,,,原創作品,新作,3.2,41.5
入間同學入魔了！第二季,2021,春番,21,4.9,5700,森脇真琴,Bandai Namco Pictures,冒險,奇幻,校園,喜劇,靈異神怪,,漫畫改編,續作,22.6,473.8
異世界魔王與召喚少女的奴隸魔術 Ω,2021,春番,10,4.6,2400,桑原智,手塚製作公司、Okuruto Noboru,冒險,奇幻,異世界,魔法,喜劇,,小說改編,續作,14.0,140.5
天才王子的赤字國家重生術,2022,冬番,12,4.8,9300,玉川真人,橫濱動畫研究所,奇幻,喜劇,戰爭,,,,小說改編,新作,20.2,242.7
食鏽末世錄,2022,冬番,12,4.3,2900,碇谷敦,OZ,動作,冒險,,,,,小說改編,新作,5.9,70.7
與變成了異世界美少女的大叔一起冒險,2022,冬番,12,4.9,8100,山井紗也香,OLM Team Yoshioka,冒險,奇幻,異世界,魔法,喜劇,,漫畫改編,新作,15.6,187.1
失格紋的最強賢者,2022,冬番,12,3.1,6800,秋田谷典昭,J.C.STAFF,冒險,奇幻,魔法,,,,小說改編,新作,14.4,173.4
東京復仇者,2021,冬番,25,4.4,4300,初見浩一,LIDENFILMS,動作,推理,懸疑,時間穿越,,,漫畫改編,續作,17.9,447.3
Fate/Grand Carnival,2021,春番,2,4.9,3200,岸 誠二,Lerche,奇幻,喜劇,,,,,遊戲改編,新作,15.8,31.6
搖曳露營△ 第二季,2021,冬番,13,5.0,8100,京極義昭,C-Station,溫馨,悠閒,料理,闔家觀賞,,,漫畫改編,續作,13.0,168.5
工作細胞 第二季,2021,冬番,8,4.8,1900,小倉宏文,david production,動作,喜劇,闔家觀賞,,,,漫畫改編,續作,13.2,105.2
無職轉生，到了異世界就拿出真本事,2021,冬番,24,4.9,25800,岡本学,StudioBind,動作,冒險,奇幻,異世界,魔法,,小說改編,新作,54.0,1296.8
突然降臨的埃及神,2020,秋番,10,4.9,500,菊池カツヤ,颱風グラフィックス,奇幻,喜劇,悠閒,闔家觀賞,,,漫畫改編,新作,1.2,11.9
工作細胞 Black,2021,冬番,13,4.8,2600,山本秀世,LIDENFILMS,動作,喜劇,血腥暴力,黑暗,,,漫畫改編,新作,12.9,167.6
ICHU 偶像進行曲,2021,冬番,12,4.6,200,難波日登志,Lay-duce,校園,青春,偶像,音樂,,,遊戲改編,新作,0.7,8.0
Praeter 之傷,2021,冬番,13,3.6,200,鈴木信吾,GoHands,動作,,,,,,原創作品,新作,1.0,13.4
相愛相殺,2022,冬番,12,4.6,2400,大庭秀昭,Platinum Vision,動作,戀愛,職場,,,,漫畫改編,新作,5.3,63.3
白領羽球部,2022,冬番,12,4.8,2100,山内愛彌,LIDENFILMS,運動,職場,,,,,原創作品,新作,4.2,50.9
明日同學的水手服,2022,冬番,12,4.9,10500,黑木美幸,CloverWorks,校園,青春,勵志,溫馨,,,漫畫改編,新作,10.3,123.3
怪人開發部的黑井津小姐,2022,冬番,12,4.8,5200,齋藤久,Quad,科幻,喜劇,職場,特攝,,,漫畫改編,新作,7.8,93.9
TRIBE NINE,2022,冬番,12,4.0,700,青木悠,LIDENFILMS,動作,科幻,運動,,,,原創作品,新作,1.6,18.6
佐佐木與宮野,2022,冬番,13,4.8,3500,石平信司,Studio DEEN,校園,青春,BL,,,,漫畫改編,新作,5.8,74.9
約定的夢幻島 第二季,2021,冬番,12,3.4,3700,神戶守,CloverWorks,冒險,懸疑,黑暗,,,,漫畫改編,續作,14.6,175.2
廚神小當家 第二季,2021,冬番,12,2.4,400,川崎逸朗,NAS,料理,競技,,,,,漫畫改編,續作,3.0,35.7
大人的防具店 第二季,2021,冬番,12,4.1,400,山元隼一,IMAGICA Lab.,喜劇,職場,泡麵番,,,,漫畫改編,續作,1.7,20.6
Dr.STONE 新石紀 第二季,2021,冬番,11,4.9,4300,飯野慎也,TMS Entertainment,動作,冒險,奇幻,科幻,勵志,,漫畫改編,續作,23.2,255.2
派對咖孔明,2022,冬番,12,4.9,8200,本間修,P.A. WORKS,喜劇,勵志,音樂,時間穿越,,,漫畫改編,新作,10.1,121.2
薔薇王的葬列,2022,冬番,25,3.8,600,鈴木健太郎,J.C.STAFF,戀愛,歷史,戰爭,,,,漫畫改編,新作,0.6,15.8
少女前線,2022,冬番,12,4.3,1100,上田繁,旭プロダクション,動作,科幻,戰爭,,,,遊戲改編,新作,2.0,23.8
東京 24 區,2022,冬番,12,4.0,1000,津田尚克,CloverWorks,科幻,懸疑,,,,,漫畫改編,新作,1.8,22.0
東方少年,2022,冬番,12,3.9,900,柳澤哲也,A.C.G.T,動作,冒險,靈異神怪,,,,漫畫改編,新作,2.8,33.0
幼女社長,2021,冬番,15,4.7,400,いわたかずや,project No.9,喜劇,悠閒,職場,泡麵番,,,漫畫改編,新作,0.9,14.0
暮蟬悲鳴時 業,2020,秋番,24,4.8,2900,川口敬一郎,Passione,推理,懸疑,血腥暴力,靈異神怪,黑暗,,遊戲改編,續作,8.0,191.4
WAVE!! ~來衝浪吧!!~,2020,秋番,12,3.6,200,尾崎隆晴,旭 Production,青春,勵志,運動,,,,原創作品,新作,0.8,9.2
擾亂 THE PRINCESS OF SNOW AND BLOOD,2021,冬番,12,4.0,400,工藤進,BAKKEN RECORD,動作,冒險,奇幻,,,,原創作品,新作,1.4,17.0
魔法水果籃 最終季,2021,冬番,13,4.9,2000,井端義秀,TMS Entertainment,奇幻,校園,戀愛,溫馨,親情,,漫畫改編,續作,7.7,99.8
我的英雄學院 第五季,2021,冬番,25,4.8,4400,長崎健司、向井雅浩,BONES,動作,超能力,校園,勵志,,,漫畫改編,續作,23.9,596.5
BACK ARROW,2021,冬番,24,4.7,1500,谷口悟朗,Studio VOLN,動作,冒險,機甲,戰爭,,,原創作品,新作,2.8,66.8
闇芝居 第十季,2022,冬番,13,3.5,200,ILCA,ILCA,懸疑,靈異神怪,泡麵番,,,,原創作品,續作,0.6,8.4
終末的後宮 年齡限制版,2022,冬番,11,4.3,2900,信田ユウ,Studio五組、AXsiZ,科幻,18禁,,,,,漫畫改編,新作,9.2,101.4
轉生成蜘蛛又怎樣！,2021,冬番,24,4.0,7000,板垣伸,Millepensee,動作,冒險,奇幻,時間穿越,,,小說改編,新作,32.5,780.2
奇蛋物語 Wonder Egg Priority,2021,冬番,13,4.8,3000,若林信,CloverWorks,異世界,校園,黑暗,,,,原創作品,新作,6.1,79.6
織田肉桂信長,2020,冬番,12,4.7,1000,高橋英俊,Studio Signpost,喜劇,悠閒,闔家觀賞,,,,漫畫改編,新作,5.1,61.7
A3!,2020,冬番,24,4.7,500,篠原啓輔,P.A.WORKS×Studio 3Hz,青春,勵志,音樂,,,,遊戲改編,續作,1.3,30.5
怪物事變,2021,冬番,12,4.9,3700,藤森雅也,亞細亞堂,動作,冒險,靈異神怪,,,,漫畫改編,新作,15.0,179.9
比方說，這是個出身魔王關附近的少年在新手村生活的故事,2021,冬番,12,4.3,3100,migmi,LIDENFILMS,冒險,奇幻,魔法,,,,小說改編,新作,20.3,244.1
SK8 the Infinity,2021,冬番,12,4.9,3800,内海紘子,BONES,動作,青春,運動,競技,,,原創作品,新作,13.0,155.9
GIBIATE 獵魔武士,2020,夏番,13,1.8,700,小美野雅彥,ランチ・BOX×スタジオエル,動作,冒險,靈異神怪,,,,原創作品,新作,2.2,29.0
淘氣貓 2020：家有圓圓？！我家的圓圓你知道嗎～,2020,冬番,11,4.9,600,松田清,MAPPA、Lapintrack,溫馨,闔家觀賞,,,,,原創作品,新作,1.7,19.2
Re：從零開始的異世界生活 第二季,2020,夏番,25,4.9,14400,渡邊政治,WHITE FOX,動作,冒險,奇幻,異世界,魔法,,小說改編,續作,47.0,1173.9
魔法律事務所 第二季,2020,夏番,12,4.6,300,近藤信宏,STUDIO DEEN,奇幻,魔法,靈異神怪,,,,漫畫改編,續作,2.1,25.0
裏世界遠足,2021,冬番,12,4.5,1500,佐藤卓哉,LIDENFILMS、FelixFilm,冒險,異世界,懸疑,靈異神怪,,,小說改編,新作,4.7,56.4
2.43 清陰高中男子排球社,2021,冬番,12,4.0,500,木村泰大,david production,校園,青春,運動,,,,小說改編,新作,3.0,36.3
怪病醫拉姆尼,2021,冬番,12,4.7,1200,大庭秀昭,Platinum Vision,奇幻,喜劇,懸疑,,,,漫畫改編,新作,4.8,57.8
天地創造設計部,2021,冬番,13,4.8,2200,增井壯一,旭Production,超能力,喜劇,職場,,,,漫畫改編,新作,6.7,87.7
蒼之騎士團,2021,冬番,12,4.1,400,西片康人,LIDENFILMS,冒險,奇幻,,,,,遊戲改編,新作,2.5,30.0
非槍人生 NO GUNS LIFE 第二季,2020,夏番,12,4.6,500,伊藤尚往,MADHOUSE,動作,科幻,,,,,漫畫改編,續作,2.9,35.1
憂國的莫里亞蒂 第一季,2020,夏番,11,4.9,2200,野村和也,Production I.G,推理,懸疑,,,,,漫畫改編,新作,8.0,87.6
EX-ARM,2021,冬番,12,1.5,1000,木村好克,ビジュアルフライト,動作,科幻,,,,,漫畫改編,新作,0.8,9.9
舞伎家的料理人,2021,冬番,12,4.9,1100,鈴木洋平,J.C.STAFF,溫馨,料理,闔家觀賞,,,,漫畫改編,新作,2.1,24.8
魔術士歐菲 流浪之旅 基姆拉克篇,2021,冬番,11,3.6,200,濱名孝行,STUDIO DEEN,冒險,奇幻,,,,,小說改編,續作,1.1,11.9
PUI PUI 天竺鼠車車,2021,冬番,24,4.8,5800,見里朝希,新銳動畫、Green-hearts,喜劇,溫馨,悠閒,泡麵番,闔家觀賞,,原創作品,續作,8.8,211.0
堀與宮村,2021,冬番,13,4.9,15400,石濱真史,CloverWorks,校園,戀愛,青春,,,,漫畫改編,續作,41.5,539.4
成群結伴！西頓學園,2020,冬番,12,4.8,2200,博史池畠,Studio 五組,校園,喜劇,,,,,漫畫改編,新作,8.0,96.2
轉生成女性向遊戲只有毀滅 END 的壞人大小姐,2020,春番,12,4.9,4700,井上圭介,SILVER LINK.,異世界,喜劇,戀愛,,,,小說改編,新作,17.6,210.9
遊戲王! SEVENS,2020,春番,50,4.3,100,近藤信宏,Bridge,勵志,競技,闔家觀賞,,,,漫畫改編,新作,0.0,1.4
棒球大聯盟 2nd 第二季,2020,春番,25,4.8,500,渡邊步,OLM,青春,運動,競技,闔家觀賞,,,漫畫改編,續作,3.4,85.7
排球少年！！第四季,2020,冬番,13,4.9,5100,佐藤雅子,Production I.G,校園,勵志,運動,,,,漫畫改編,續作,30.9,401.2
IDOLiSH7 - 偶像星願 - Second BEAT！,2020,春番,15,4.9,1200,別所誠人,TROYCA,偶像,音樂,,,,,遊戲改編,續作,3.7,55.7
白貓 Project Zero Chronicle 零之紀元,2020,春番,12,3.8,800,神保昌登,Project No.9,冒險,奇幻,魔法,,,,遊戲改編,新作,4.4,52.8
天地無用！魎皇鬼 第 5 期,2020,冬番,6,4.8,200,梶島正樹、元永慶太郎,AIC,科幻,戀愛,,,,,原創作品,續作,1.7,10.3
異世界四重奏 第二季,2020,冬番,12,4.9,2600,芦名みのる,STUDIO PUYUKAI,校園,喜劇,,,,,原創作品,續作,11.0,132.6
座敷童子塌塌米醬,2020,春番,12,4.2,200,押切蓮介,ZERO-G,喜劇,靈異神怪,泡麵番,,,,原創作品,新作,0.6,7.8
小書痴的下剋上：為了成為圖書管理員不擇手段！第二季,2020,春番,12,4.9,3100,本郷みつる,亞細亞堂,奇幻,異世界,勵志,,,,小說改編,續作,11.9,143.0
魔法水果籃 第二季,2020,春番,25,4.9,2000,井端義秀,TMS Entertainment,奇幻,校園,戀愛,溫馨,親情,,漫畫改編,續作,7.7,192.7
放學後堤防日誌,2020,春番,12,4.9,2400,大隈孝晴,動画工房,校園,喜劇,青春,闔家觀賞,,,漫畫改編,新作,6.7,80.5
隱瞞之事,2020,春番,12,4.9,6400,村野佑太,亞細亞堂,溫馨,親情,感人,職場,,,漫畫改編,新作,13.2,157.9
昨日之歌,2020,春番,18,4.7,2200,藤原佳幸,動畫工房,戀愛,青春,,,,,漫畫改編,新作,5.2,92.7
BanG Dream！第三季,2020,冬番,13,4.9,2200,柿本広大,三次元,青春,勵志,音樂,,,,原創作品,續作,5.8,75.6
富豪刑警 Balance: UNLIMITED,2020,春番,11,4.8,3800,伊藤智彥,CloverWorks,動作,職場,懸疑,,,,小說改編,新作,12.2,133.8
食戟之靈 豪之皿,2020,春番,13,4.6,1500,米谷良知,J.C.STAFF,校園,料理,,,,,漫畫改編,續作,13.9,180.7
闇芝居 第八季,2021,冬番,13,2.8,300,ILCA,ILCA,懸疑,靈異神怪,泡麵番,,,,原創作品,續作,1.0,12.7
貓娘樂園,2020,冬番,12,4.8,2700,山本靖貴,FelixFilm,溫馨,職場,,,,,遊戲改編,新作,8.5,102.2
繼怪怪守護神,2020,春番,12,4.9,2000,倉谷涼一,ZERO-G,校園,靈異神怪,,,,,漫畫改編,新作,7.5,89.7
22/7,2020,冬番,13,4.5,1100,阿保孝雄,A-1 Pictures,勵志,偶像,音樂,,,,原創作品,新作,3.5,45.4
請在伸展台上微笑,2020,冬番,12,4.9,2100,長山延好,Ezo'la,勵志,職場,,,,,漫畫改編,新作,5.6,67.8
虛構推理,2020,冬番,12,4.7,3800,後藤圭二,Brain's Base,超能力,推理,靈異神怪,,,,小說改編,續作,13.5,162.2
王者天下 第四季,2022,春番,26,4.8,1900,今泉賢一,St.Signpost,歷史,戰爭,,,,,漫畫改編,續作,4.5,117.9
魔王學院的不適任者～史上最強的魔王始祖，轉生就讀子孫們的學校～,2020,夏番,13,4.7,9500,大沼心、田村正文,SILVER LINK.,奇幻,異世界,魔法,校園,,,小說改編,續作,49.2,639.9
魔法紀錄 魔法少女小圓外傳 第二季,2021,夏番,13,4.4,1200,劇団イヌカレー（泥犬）、宮本幸裕,SHAFT,冒險,奇幻,魔法,黑暗,,,遊戲改編,續作,2.9,37.8
強襲魔女 通往柏林之路,2020,秋番,12,4.9,1000,高村和宏,david production,魔法,科幻,戰爭,,,,原創作品,續作,3.1,37.2
入間同學入魔了！第三季,2022,秋番,21,4.9,7200,森脇真琴,Bandai Namco Pictures,冒險,奇幻,校園,喜劇,靈異神怪,,漫畫改編,續作,10.5,220.9
達爾文遊戲,2020,冬番,13,4.8,5700,德本善信,Nexus,動作,超能力,競技,懸疑,血腥暴力,,漫畫改編,新作,28.5,370.8
戀愛中的小行星,2020,冬番,13,4.9,2500,平牧大輔,動画工房,校園,青春,,,,,漫畫改編,新作,4.5,58.1
別對映像研出手！,2020,冬番,12,4.9,4500,湯淺政明,SCIENCE SARU INC.,校園,青春,職場,,,,漫畫改編,新作,8.1,97.0
神推偶像登上武道館我就死而無憾,2020,冬番,12,4.9,2300,山本裕介,8bit,勵志,偶像,職場,,,,漫畫改編,新作,5.4,64.3
地縛少年花子君,2020,冬番,12,4.9,2900,安藤正臣,Lerche,校園,靈異神怪,,,,,漫畫改編,新作,14.6,175.1
索瑪麗與森林之神,2020,冬番,12,4.9,3700,安田賢司,SATELIGHT,冒險,奇幻,溫馨,,,,漫畫改編,新作,8.5,102.1
卡片戰鬥!! 先導者 overdress,2021,春番,12,4.0,100,森賢,Kinema Citrus、ぎふとアニメーション、STUDIOJEMI,校園,競技,闔家觀賞,,,,遊戲改編,續作,0.6,7.8
Love All Play,2022,春番,24,3.7,700,竹內浩志,日本アニメーション、OLM,校園,青春,運動,競技,,,漫畫改編,新作,1.1,27.2
花樣滑冰 Stars,2020,秋番,12,3.6,300,谷口悟朗、福島利規,J.C.STAFF,運動,競技,偶像,,,,原創作品,新作,1.5,17.6
東方少年 第二季,2022,夏番,12,4.5,500,柳沢テツヤ,Ａ・Ｃ・Ｇ・Ｔ,動作,冒險,靈異神怪,,,,漫畫改編,續作,1.6,18.8
房間露營,2020,冬番,13,4.9,3400,神保昌登,C-Station,喜劇,溫馨,泡麵番,闔家觀賞,,,漫畫改編,新作,6.6,86.2
怕痛的我，把防禦力點滿就對了 第二季,2023,冬番,12,4.8,11500,大沼心,SILVER LINK.,冒險,奇幻,喜劇,,,,小說改編,續作,22.3,267.3
搖滾少女!! 活力棉花糖!!,2020,冬番,12,4.8,400,孫承希,Kinema Citrus,青春,偶像,音樂,,,,遊戲改編,續作,1.0,11.9
寶石商人理察的謎鑑定,2020,冬番,12,4.7,1000,岩崎太郎,朱夏,職場,推理,,,,,小說改編,新作,4.0,47.8
number24,2020,冬番,13,4.7,700,きみやしげる,ピー・アール・エー,青春,運動,競技,,,,原創作品,新作,2.5,32.4
關於我轉生變成史萊姆這檔事 第二季,2021,冬番,26,4.8,14100,中山敦史,8bit,冒險,奇幻,異世界,魔法,喜劇,,小說改編,續作,61.8,1607.8
虛構推理 第二季,2023,冬番,12,4.9,4700,後藤圭二,Brain's Base,超能力,推理,靈異神怪,,,,小說改編,續作,7.3,87.3
卡片戰鬥!! 先導者 will+Dress 第二季,2023,冬番,12,3.5,100,森賢、鈴木龍太郎,Kinema Citrus、岐阜Animation、STUDIO JEMI,運動,競技,,,,,遊戲改編,續作,0.2,2.4
搖滾少女!! STARS!!,2021,冬番,12,4.8,200,池添隆博,Kinema Citrus,青春,偶像,音樂,,,,遊戲改編,續作,0.7,8.0
小書痴的下剋上：為了成為圖書管理員不擇手段！第三季,2022,冬番,12,4.9,3300,本郷みつる,亞細亞堂,奇幻,異世界,勵志,,,,小說改編,續作,7.0,83.5
魔法紀錄 魔法少女小圓外傳,2020,冬番,13,4.7,1500,劇団イヌカレー（泥犬）、宮本幸裕,SHAFT,冒險,奇幻,魔法,黑暗,,,遊戲改編,續作,6.7,87.2
魔術士歐菲 流浪之旅,2020,冬番,14,3.2,500,濱名孝行,STUDIO DEEN,冒險,奇幻,,,,,小說改編,續作,3.7,52.1
卡片戰鬥!! 先導者 will+Dress,2022,夏番,13,3.8,200,森賢,Kinema Citrus、ぎふとアニメーション、STUDIO JEMI,校園,競技,,,,,遊戲改編,續作,0.3,3.9
怕痛的我，把防禦力點滿就對了,2020,冬番,12,4.8,9400,大沼心、湊未來,SILVER LINK.,冒險,奇幻,喜劇,,,,小說改編,續作,53.3,639.1
ARGONAVIS from BanG Dream！,2020,春番,13,4.5,400,錦織博,SANZIGEN,青春,勵志,音樂,,,,原創作品,續作,1.2,15.7
我的英雄學院 OVA：活下來！殊死的生存訓練,2020,夏番,2,4.8,1000,長崎健司、向井雅浩,BONES,動作,超能力,校園,勵志,,,漫畫改編,續作,17.6,35.2
〈Infinite Dendrogram〉-無盡連鎖-,2020,冬番,13,4.0,1500,小林智樹,NAZ,動作,冒險,奇幻,,,,小說改編,新作,11.5,149.6
無意間變成狗，被喜歡的女生撿回家。 年齡限制版,2023,冬番,14,4.6,4200,安藤貴史,Quad,戀愛,18禁,,,,,漫畫改編,新作,6.8,95.7
異種族風俗娘評鑑指南 年齡限制版,2020,冬番,12,4.8,9100,小川優樹,Passione,奇幻,異世界,喜劇,18禁,,,漫畫改編,新作,25.6,307.8
魔術士歐菲 流浪之旅 阿邦拉馬篇,2023,冬番,12,3.7,300,濱名孝行,Studio DEEN,冒險,奇幻,,,,,小說改編,續作,0.6,6.7
進擊的巨人 The Final Season,2020,秋番,29,4.9,24800,林祐一郎,MAPPA,動作,冒險,戰爭,血腥暴力,,,原創作品,新作,59.3,1721.0
第二次被異世界召喚,2023,春番,12,3.3,4200,中西基樹,Studio Elle,冒險,奇幻,異世界,喜劇,,,小說改編,新作,7.9,95.0
輝夜姬想讓人告白－永不結束的初吻－,2023,春番,4,5.0,11200,畠山守,A-1 Pictures,校園,喜劇,戀愛,,,,漫畫改編,續作,19.7,78.8
為美好的世界獻上爆焰！,2023,春番,12,4.9,18500,安部祐二郎,Drive,奇幻,魔法,校園,喜劇,,,小說改編,續作,20.7,248.3
藍色管弦樂,2023,春番,24,4.8,1000,岸誠二,日本動畫公司,校園,青春,音樂,,,,漫畫改編,新作,1.0,24.3
肌肉魔法使-MASHLE-,2023,春番,13,4.8,13300,田中智也,A-1 Pictures,奇幻,魔法,校園,喜劇,,,漫畫改編,新作,27.7,360.3
勇者死了！,2023,春番,12,4.7,5700,久城凜音,LIDENFILMS,冒險,奇幻,喜劇,,,,漫畫改編,新作,11.0,132.0
和山田談場 Lv999 的戀愛,2023,春番,13,4.9,15400,淺香守生,MADHOUSE,喜劇,戀愛,,,,,漫畫改編,新作,22.3,289.5
我內心的糟糕念頭,2023,春番,12,4.9,18800,赤城博昭,新銳動畫,校園,喜劇,戀愛,,,,漫畫改編,新作,19.2,230.4
百合是我的工作！,2023,春番,12,4.6,2200,三瓶聖,Passione×Studio Lings,喜劇,戀愛,,,,,漫畫改編,新作,2.5,30.3
放學後失眠的你,2023,春番,13,4.9,4500,池田由紀,LIDENFILMS,校園,戀愛,青春,,,,漫畫改編,新作,3.6,46.7
Re：從零開始的異世界生活 新編集版,2020,冬番,26,4.9,3900,渡邊政治,WHITE FOX,動作,冒險,奇幻,異世界,魔法,,小說改編,續作,12.7,330.1
無神世界的神明活動,2023,春番,12,4.9,14900,稻葉友紀,studio Palette,冒險,奇幻,,,,,漫畫改編,新作,20.8,249.6
鬼滅之刃 無限列車篇,2021,秋番,7,4.7,6100,外崎春雄,ufotable,動作,冒險,奇幻,血腥暴力,,,漫畫改編,續作,29.4,205.8
獻祭公主與獸王,2023,春番,24,4.9,2100,今千秋,J.C.STAFF,奇幻,戀愛,,,,,漫畫改編,新作,1.7,40.7
帶著智慧型手機闖蕩異世界。2,2023,春番,12,3.8,5700,岩崎良明,J.C.STAFF,冒險,奇幻,異世界,,,,小說改編,續作,7.6,91.8
在異世界獲得超強能力的我，在現實世界照樣無敵～等級提升改變人生命運～,2023,春番,13,3.6,15700,田邊慎吾,Millepensee,冒險,奇幻,異世界,超能力,,,小說改編,新作,23.0,298.4
江戶前精靈,2023,春番,12,4.9,7400,安齋剛文,C2C,喜劇,歷史,,,,,漫畫改編,新作,7.7,91.9
熊熊勇闖異世界 PUNCH！,2023,春番,12,4.7,4700,信田悠,EMT Squared,動作,冒險,奇幻,異世界,,,小說改編,續作,6.9,82.9
躍動青春,2023,春番,12,5.0,2400,出合小都美,P.A.WORKS,校園,喜劇,青春,,,,漫畫改編,新作,1.6,19.2
鄰人似銀河,2023,春番,12,4.8,4000,木村隆一,旭Production,戀愛,溫馨,,,,,漫畫改編,新作,4.4,52.4
國王排名 勇氣的寶箱,2023,春番,10,4.5,2000,八田洋介,WIT STUDIO,冒險,奇幻,勵志,溫馨,,,漫畫改編,續作,3.0,30.3
魔法少女毀滅者,2023,春番,12,3.1,100,博史池畠,Bibury Animation Studios,冒險,奇幻,喜劇,,,,原創作品,新作,0.1,1.0
Dr.STONE 新石紀 第三季,2023,春番,19,4.9,7100,松下周平,TMS Entertainment,動作,冒險,奇幻,科幻,勵志,,漫畫改編,續作,10.3,195.0
六道的惡女們,2023,春番,12,4.7,1500,齊藤啓也,SATELIGHT,校園,戀愛,青春,,,,漫畫改編,新作,2.2,26.5
轉生貴族的異世界冒險錄～不知自重的眾神使徒～,2023,春番,12,3.9,9000,中村憲由,EMT Squared×Magic Bus,冒險,奇幻,異世界,,,,小說改編,新作,16.6,198.9
她去公爵家的理由,2023,春番,12,4.6,2500,山元隼一,颱風Graphics,異世界,戀愛,推理,,,,小說改編,新作,5.1,61.3
Opus.COLORs 色彩高校星,2023,春番,12,4.3,400,多田俊介,C-Station,科幻,校園,青春,音樂,,,原創作品,新作,0.4,5.4
魔術士歐菲 流浪之旅 聖域篇,2023,春番,12,3.2,200,濱名孝行,Studio DEEN,冒險,奇幻,,,,,小說改編,續作,0.3,3.7
聖女魔力無所不能,2021,春番,12,4.7,3100,井畑翔太,diomedéa,異世界,魔法,戀愛,,,,小說改編,續作,15.4,184.5
不要欺負我，長瀞同學,2021,春番,12,4.8,5200,花井宏和,Telecom Animation Film,校園,喜劇,戀愛,青春,,,漫畫改編,續作,14.6,175.6
燒窯的話也要馬克杯,2021,春番,24,4.6,400,神谷純,日本 Animation,校園,溫馨,闔家觀賞,,,,漫畫改編,續作,0.8,19.2
佐賀偶像是傳奇 捲土重來,2021,春番,12,5.0,10300,境宗久,MAPPA,喜劇,勵志,偶像,音樂,,,原創作品,續作,18.2,218.8
刮掉鬍子的我與撿到的女高中生,2021,春番,13,4.6,8900,上北學,project No.9,戀愛,溫馨,,,,,小說改編,新作,30.5,396.4
BLUE REFLECTION : 澪,2021,春番,24,4.0,300,吉田りさこ,J.C.STAFF,動作,魔法,校園,GL,,,漫畫改編,新作,0.6,14.9
青梅竹馬絕對不會輸的戀愛喜劇,2021,春番,12,3.5,3800,直谷たかし,動画工房,校園,喜劇,戀愛,,,,小說改編,新作,11.4,136.6
給不滅的你,2021,春番,20,4.9,5600,村田雅彥,Brain's Base,冒險,奇幻,感人,,,,漫畫改編,續作,12.9,258.3
Vivy -Fluorite Eye's Song-,2021,春番,14,4.9,20100,江崎慎平,WIT STUDIO,動作,科幻,音樂,,,,原創作品,新作,34.6,484.4
戰鬥員派遣中！,2021,春番,12,4.8,5100,赤城博昭,J.C.STAFF,動作,冒險,奇幻,喜劇,,,小說改編,新作,20.4,244.7
義呆利 World Stars,2021,春番,15,4.8,700,わたなべひろし,STUDIO DEEN,喜劇,溫馨,歷史,泡麵番,闔家觀賞,,原創作品,新作,2.0,29.8
真白之音,2021,春番,12,4.8,1400,赤城博昭,新銳動畫,校園,競技,音樂,,,,漫畫改編,新作,3.9,46.7
奇巧計程車,2021,春番,13,4.9,7800,木下麥,P.I.C.S. × OLM,推理,懸疑,,,,,原創作品,新作,17.4,226.8
冰冰冰 冰淇淋君,2021,春番,12,4.1,100,,新銳動畫,溫馨,闔家觀賞,,,,,原創作品,續作,0.4,4.8
本田小狼與我,2021,春番,12,4.7,2900,藤井俊郎,Studio KAI,校園,青春,溫馨,,,,小說改編,新作,7.2,85.9
美麗新世界 The Animation,2021,春番,12,3.9,300,市川量也,DOMERICA × SHIN-EI ANIMATION,動作,,,,,,原創作品,新作,1.0,12.4
86－不存在的戰區－,2021,春番,26,5.0,36300,石井俊匡,A-1 Pictures,動作,科幻,機甲,戰爭,,,小說改編,續作,41.1,1069.5
灼熱卡巴迪,2021,春番,12,4.7,600,市川量也,TMS Entertainment,青春,運動,競技,,,,漫畫改編,新作,2.5,29.5
後空翻少年!!,2021,春番,12,4.9,1500,黑柳トシマサ,ZEXCS,青春,勵志,運動,競技,,,原創作品,新作,3.2,37.9
SHADOWS HOUSE-影宅-,2021,春番,13,4.9,5100,大橋一輝,CloverWorks,奇幻,懸疑,,,,,漫畫改編,續作,12.2,158.2
七騎士：革命 -英雄的繼承者-,2021,春番,12,4.0,300,市川量也,LIDENFILMS、domerica,動作,冒險,奇幻,,,,遊戲改編,新作,2.0,24.5
轉生史萊姆日記 關於我轉生變成史萊姆這檔事,2021,春番,12,4.9,5600,生原雄次,8bit,異世界,魔法,喜劇,,,,小說改編,續作,24.7,296.5
輝夜姬想讓人告白～天才們的戀愛頭腦戰～ 第二季,2020,春番,12,5.0,20200,畠山守,A-1 Pictures,校園,喜劇,戀愛,,,,漫畫改編,續作,77.6,930.6
別冊奧林匹克之環,2020,春番,24,4.8,2000,藤井亮,のびしろラボ,喜劇,歷史,泡麵番,,,,漫畫改編,新作,3.3,78.8
啄木鳥偵探社,2020,春番,12,4.5,300,江崎慎平,LIDENFILMS,推理,懸疑,,,,,小說改編,新作,1.0,11.7
天晴爛漫！,2020,春番,13,4.8,1700,橋本昌和,P.A. WORKS,動作,冒險,科幻,競技,,,原創作品,新作,4.5,58.6
卡片戰鬥!! 先導者 外傳 -if-,2020,春番,25,3.9,100,川崎逸朗,OLM Team Abe,校園,競技,闔家觀賞,,,,遊戲改編,續作,0.3,7.5
格萊普尼爾,2020,春番,13,4.6,3200,米田和弘,PINE JAM,動作,超能力,懸疑,血腥暴力,靈異神怪,,漫畫改編,新作,17.6,229.4
阿爾蒂,2020,春番,12,4.8,1400,濱名孝行,Seven Arcs,勵志,職場,,,,,漫畫改編,新作,4.8,57.3
新櫻花大戰,2020,春番,12,4.2,600,小野學,SANZIGEN,動作,科幻,機甲,,,,遊戲改編,新作,2.8,33.2
社長，戰鬥的時間到了！,2020,春番,12,2.7,1500,池下博紀,C2C,冒險,異世界,,,,,遊戲改編,新作,4.6,54.7
文豪與鍊金術師～審判的齒輪～,2020,春番,13,4.6,500,渡邊穩寬,OLM,冒險,奇幻,,,,,遊戲改編,新作,2.6,33.4
闇影詩章,2020,春番,51,2.5,1300,川口敬一郎,ZEXCS,科幻,校園,闔家觀賞,,,,遊戲改編,續作,1.6,82.9
神之塔 -Tower of God-,2020,春番,13,4.8,700,佐野隆史,Telecom Animation Film,冒險,奇幻,,,,,漫畫改編,新作,1.7,22.2
辣妹與恐龍,2020,春番,12,4.9,3500,青木純,Space Neko Company、神風動畫,喜劇,溫馨,,,,,漫畫改編,新作,7.5,90.4
王者天下 第三季,2020,春番,26,4.9,1600,今泉賢一,St.Signpost,歷史,戰爭,,,,,漫畫改編,續作,6.8,175.8
SHADOWS HOUSE-影宅- 第二季,2022,夏番,12,4.9,4200,大橋一輝,CloverWorks,奇幻,懸疑,,,,,漫畫改編,續作,6.4,76.7
Love Live! SuperStar!! 第二季,2022,夏番,12,4.1,2000,京極尚彦,SUNRISE,校園,青春,偶像,音樂,,,漫畫改編,續作,2.2,26.8
機動戰士鋼彈 水星的魔女,2022,夏番,13,4.8,10600,小林寬,SUNRISE,科幻,機甲,校園,戰爭,,,原創作品,新作,18.1,235.4
新來的女傭有點怪,2022,夏番,11,4.7,2900,星野美鈴,SILVER LINK.×BLADE,喜劇,戀愛,悠閒,,,,漫畫改編,新作,4.4,48.4
黑之召喚士,2022,夏番,12,4.7,6100,平池芳正,SATELIGHT,動作,冒險,奇幻,異世界,魔法,,小說改編,新作,16.0,191.6
轉生就是劍,2022,夏番,12,4.9,12400,石平信司,C2C,動作,冒險,奇幻,異世界,魔法,,小說改編,新作,23.3,279.1
天籟人偶,2022,夏番,12,4.8,2300,天衝,Bibury Animation Studios,科幻,溫馨,感人,音樂,,,原創作品,新作,2.5,30.2
異世界藥局,2022,夏番,12,4.8,7900,草川啓造,diomedéa,奇幻,異世界,,,,,小說改編,新作,18.3,219.9
幕末替身傳說,2022,夏番,12,3.1,1100,平川哲生,GENO STUDIO,動作,冒險,歷史,,,,原創作品,新作,1.0,12.3
風都偵探,2022,夏番,12,4.9,4500,椛島洋介,Studio KAI,動作,科幻,推理,,,,漫畫改編,新作,6.8,81.6
Dr.STONE 新石紀 (龍水),2022,夏番,2,4.9,3500,松下周平,TMS Entertainment,動作,冒險,奇幻,科幻,勵志,,漫畫改編,續作,18.0,36.0
因為是反派大小姐所以養了魔王,2022,夏番,12,4.6,3900,羽原久美子,MAHO FILM.,奇幻,戀愛,,,,,小說改編,新作,7.3,87.4
我家師傅沒有尾巴,2022,夏番,13,4.8,1700,山本秀世,LIDENFILMS,悠閒,歷史,,,,,漫畫改編,新作,1.7,21.9
惑星公主蜥蜴騎士,2022,夏番,25,3.8,1400,中西伸彰,NAZ,動作,超能力,,,,,漫畫改編,新作,1.3,32.9
繼母的拖油瓶是我的前女友,2022,夏番,12,4.8,10800,柳伸亮,project No.9,校園,喜劇,戀愛,,,,小說改編,新作,21.3,255.6
來自深淵 烈日的黃金鄉,2022,夏番,12,5.0,15700,小島正幸,Kinema Citrus,冒險,奇幻,血腥暴力,黑暗,,,漫畫改編,續作,22.5,269.6
契約之吻,2022,夏番,13,4.7,9900,田中智也,A-1 Pictures,動作,奇幻,科幻,喜劇,戀愛,,原創作品,新作,15.8,204.8
幽零幻鏡,2022,夏番,12,4.2,600,霜山朋久,Science SARU,冒險,科幻,,,,,原創作品,新作,0.6,6.6
聯盟空軍航空魔法音樂隊 光輝魔女,2022,夏番,13,4.7,1400,佐伯昭志,SHAFT,青春,溫馨,音樂,,,,原創作品,新作,1.7,21.8
神渣☆偶像,2022,夏番,10,4.8,2400,福岡大生,Studio 五組,喜劇,偶像,音樂,,,,漫畫改編,新作,3.1,31.1
金裝的維爾梅～瀕臨留級的魔法師聯手最強災厄勇闖魔法世界～,2022,夏番,12,4.6,1100,直谷隆,Staple Entertainment,奇幻,魔法,校園,戀愛,,,漫畫改編,新作,1.2,14.0
組長女兒與保姆,2022,夏番,12,4.9,7500,川崎逸朗,feel.、GAINA,溫馨,親情,,,,,漫畫改編,新作,10.8,129.1
足球風雲！Goal to the Future,2022,夏番,13,2.4,400,中村憲由,EMT Squared,青春,勵志,運動,競技,,,漫畫改編,續作,0.7,9.3
森林裡的熊先生，冬眠中。,2022,夏番,9,3.7,1500,古賀一臣,studio HōKIBOSHI,溫馨,BL,泡麵番,,,,漫畫改編,新作,1.8,16.4
叫我對大哥 (WEB版),2021,夏番,93,4.5,600,青木純,Fanworks、SPACE NEKO COMPANY,喜劇,悠閒,泡麵番,闔家觀賞,,,漫畫改編,新作,0.5,49.7
星期一的豐滿 第二季,2021,夏番,12,4.8,3200,小川優樹,横浜アニメーションラボ,戀愛,溫馨,泡麵番,,,,漫畫改編,續作,8.3,100.0
蓋特機器人 ARC,2021,夏番,13,4.5,600,川越淳,Bee・Media,動作,冒險,科幻,機甲,,,漫畫改編,續作,2.6,33.9
現實主義勇者的王國重建記,2021,夏番,26,4.6,9000,渡部高志,J.C.STAFF,奇幻,異世界,,,,,小說改編,續作,24.1,627.2
偵探已經，死了。,2021,夏番,12,4.1,6000,栗原學,ENGI,動作,奇幻,超能力,戀愛,推理,,小說改編,新作,16.2,193.9
打工吧，魔王大人！第二季,2022,夏番,25,4.3,4900,筑紫大介,Studio 3Hz,奇幻,異世界,喜劇,戀愛,,,小說改編,續作,6.6,164.5
轉生成女性向遊戲只有毀滅 END 的壞人大小姐 X,2021,夏番,13,4.9,4600,井上圭介,SILVER LINK.,異世界,喜劇,戀愛,,,,小說改編,續作,14.6,189.2
Love Live! Superstar!!,2021,夏番,12,4.8,2900,京極尚彦,SUNRISE,校園,青春,偶像,音樂,,,漫畫改編,新作,5.6,66.9
瓦尼塔斯的手札,2021,夏番,24,4.9,5200,板村智幸,BONES,動作,奇幻,魔法,,,,漫畫改編,續作,9.6,229.3
我們的重製人生,2021,夏番,12,4.8,6500,小林智樹,feel.,校園,青春,勵志,時間穿越,,,小說改編,新作,15.5,186.4
開掛藥師的異世界悠閒生活,2021,夏番,12,4.2,2900,佐藤まさふみ,EMT Squared,異世界,溫馨,,,,,小說改編,新作,9.5,113.6
平穩世代的韋駄天們,2021,夏番,11,4.9,4600,城所聖明,MAPPA,動作,超能力,血腥暴力,,,,漫畫改編,新作,11.5,126.2
RE-MAIN,2021,夏番,12,4.7,1000,西田征史,MAPPA,校園,青春,運動,競技,,,原創作品,新作,2.9,34.7
漂流少年,2021,夏番,12,4.8,2500,夏目真悟,MADHOUSE,冒險,超能力,青春,推理,,,原創作品,新作,4.0,47.8
魔法科高中的優等生,2021,夏番,13,4.3,2300,橘秀樹,CONNECT,奇幻,魔法,科幻,校園,,,漫畫改編,新作,10.8,140.3
月光下的異世界之旅,2021,夏番,12,4.8,5800,石平信司,C2C,冒險,異世界,喜劇,,,,小說改編,新作,28.1,337.0
女朋友 and 女朋友,2021,夏番,12,4.6,5100,桑原智,手塚Production,校園,戀愛,,,,,漫畫改編,續作,14.3,171.8
桃子男孩渡海而來,2021,夏番,12,4.0,1800,上田繁,旭 Production,動作,冒險,奇幻,,,,漫畫改編,新作,7.8,93.5
暮蟬悲鳴時 卒,2021,夏番,15,4.5,2000,川口敬一郎,Passione,推理,懸疑,血腥暴力,靈異神怪,黑暗,,遊戲改編,續作,4.5,68.2
暗夜第六感 2041,2021,夏番,12,4.1,100,平川孝充,白組,超能力,科幻,,,,,原創作品,新作,0.1,1.1
死神少爺與黑女僕,2021,夏番,12,4.9,4600,山川吉樹,J.C.STAFF,奇幻,喜劇,戀愛,,,,漫畫改編,續作,9.7,116.5
無能力者娜娜,2020,夏番,13,4.7,3800,石平信司,Bridge,超能力,校園,推理,懸疑,黑暗,,漫畫改編,新作,14.2,184.3
大貴族,2020,夏番,14,4.7,1400,多田俊介、山本靖貴,Production I.G,冒險,奇幻,校園,,,,漫畫改編,新作,9.7,136.0
果然我的青春戀愛喜劇搞錯了。完,2020,夏番,12,4.9,10100,及川啓,feel.,校園,戀愛,青春,,,,小說改編,續作,23.4,280.9
刀劍神域 Alicization War of Underworld -THE LAST SEASON-,2020,夏番,12,3.4,12900,小野學,A-1 Pictures,動作,冒險,奇幻,魔法,科幻,,小說改編,續作,48.7,584.5
魔物娘的醫生,2020,夏番,12,4.7,2000,岩崎良明,ARVO ANIMATION,奇幻,戀愛,,,,,小說改編,新作,12.8,153.5
熊熊勇闖異世界,2020,夏番,12,4.7,4400,信田ユウ,EMT Squared,動作,冒險,奇幻,異世界,,,小說改編,續作,19.0,228.2
高校之神,2020,夏番,13,4.4,2300,朴性厚,MAPPA,動作,超能力,校園,運動,,,漫畫改編,新作,13.6,177.2
Lapis Re：LiGHTs,2020,夏番,12,4.8,1600,畑博之,横浜アニメーションラボ,魔法,校園,偶像,音樂,,,原創作品,新作,4.0,48.6
小妖怪,2020,夏番,39,3.2,100,イワタナオミ,Fanworks Inc.,靈異神怪,闔家觀賞,泡麵番,,,,漫畫改編,新作,0.1,5.1
GET UP！GET LIVE！＃GERA GERA,2020,夏番,12,4.7,100,エイティーエイト,SPELLBOUND,超能力,校園,喜劇,,,,原創作品,新作,0.3,3.7
忍者收藏,2020,夏番,13,3.4,300,梅津智史、船田晃,テレビ東京,靈異神怪,泡麵番,,,,,原創作品,新作,0.9,11.7
出租女友,2020,夏番,12,4.7,7400,古賀一臣,TMS ENTERTAINMENT,喜劇,戀愛,青春,,,,漫畫改編,續作,35.5,425.5
炎炎消防隊 貳之章,2020,夏番,24,4.8,1000,南川達馬,david production,動作,,,,,,漫畫改編,續作,1.6,38.7
點滿農民相關技能後，不知為何就變強了。,2022,秋番,12,2.7,6200,長濱亘彥,studio A-CAT,冒險,奇幻,喜劇,,,,小說改編,新作,11.0,132.6
後宮之烏,2022,秋番,13,4.9,4800,宮脇千鶴,BN Pictures,戀愛,靈異神怪,,,,,小說改編,新作,7.2,93.6
被勇者隊伍開除的馭獸使，邂逅了最強種的貓耳少女,2022,秋番,13,4.5,8100, 濁川敦,EMT Squared,冒險,奇幻,魔法,,,,小說改編,新作,16.5,214.8
不道德公會,2022,秋番,12,4.8,3400,朝岡卓矢,TNK,冒險,奇幻,魔法,喜劇,,,漫畫改編,新作,5.4,64.3
書蟲公主,2022,秋番,12,4.7,2200,岩崎太郎,MADHOUSE,戀愛,,,,,,小說改編,新作,4.0,48.6
飆速宅男 第五季,2022,秋番,25,4.8,200,鍋島修,TMS Entertainment,校園,勵志,運動,,,,漫畫改編,續作,0.7,17.5
闇芝居 第九季,2021,夏番,13,3.7,200,ILCA,ILCA,懸疑,靈異神怪,泡麵番,,,,原創作品,續作,0.7,9.1
菜鳥鍊金術師開店營業中,2022,秋番,12,4.6,4600,博史池畠,ENGI,奇幻,魔法,溫馨,,,,小說改編,新作,9.6,115.4
BLEACH 死神 千年血戰篇,2022,秋番,13,4.9,11300,田口智久,Studio Pierrot,動作,冒險,奇幻,血腥暴力,,,漫畫改編,續作,20.3,264.5
弩級戰隊 HXEROS,2020,夏番,12,4.5,1200,神保昌登,project No.9,科幻,校園,喜劇,戀愛,,,漫畫改編,新作,5.7,68.5
MUV-LUV ALTERNATIVE,2021,秋番,12,4.2,1400,西本由紀夫,FLAGSHIP LINE、ゆめ太カンパニー、Graphinica,科幻,機甲,戀愛,,,,遊戲改編,新作,4.7,56.1
萬能戰士無比敵,2021,秋番,12,4.1,300,高橋良輔,手塚プロダクション、タツノコプロ,冒險,科幻,闔家觀賞,,,,原創作品,續作,0.5,6.0
獻身給魔王伊伏洛基亞吧,2021,秋番,9,3.6,1100,凪早苗,studio HOKIBOSHI,奇幻,異世界,戀愛,BL,泡麵番,,漫畫改編,新作,3.6,32.4
異世界食堂 2,2021,秋番,12,4.9,5000,神保昌登,OLM,奇幻,異世界,溫馨,料理,,,小說改編,續作,13.2,157.8
VISUAL PRISON 視覺監獄,2021,秋番,12,4.5,1300,古田丈司、田中智也,A-1 Pictures,動作,奇幻,音樂,,,,原創作品,新作,2.3,27.3
宿命迴響：命運節拍,2021,秋番,12,4.5,7800,伊藤祐毅,MAPPA×MADHOUSE,動作,冒險,奇幻,音樂,,,原創作品,新作,13.3,159.4
世界頂尖的暗殺者轉生為異世界貴族,2021,秋番,12,4.8,13600,田村正文,SILVER LINK.×studioぱれっと,冒險,奇幻,異世界,,,,小說改編,新作,48.4,581.0
境界戰機,2021,秋番,13,3.9,900,羽原信義,BANDAI SPIRITS、SUNRISE BEYOND,科幻,機甲,,,,,原創作品,續作,3.6,46.2
逆轉世界的電池少女,2021,秋番,12,4.6,1300,安藤正臣,Lerche,科幻,機甲,,,,,原創作品,新作,2.3,27.6
陰陽眼見子,2021,秋番,12,4.9,12700,小川優樹,Passione,超能力,校園,靈異神怪,,,,漫畫改編,新作,29.0,348.1
前輩有夠煩,2021,秋番,12,5.0,16900,伊藤良太,動画工房,戀愛,職場,,,,,漫畫改編,新作,21.2,254.6
進化果實～不知不覺踏上勝利的人生～,2021,秋番,12,3.1,6900,奥村よしあき,HOTLINE,冒險,奇幻,異世界,,,,小說改編,新作,14.0,168.0
吸血鬼馬上死,2021,秋番,12,4.9,4000,神志那弘志,MADHOUSE,奇幻,喜劇,靈異神怪,,,,漫畫改編,新作,8.3,99.5
月與萊卡與吸血公主,2021,秋番,12,4.8,2900,橫山彰利,Arvo Animation,科幻,青春,,,,,小說改編,新作,4.8,57.5
大正處女御伽話,2021,秋番,12,4.9,3900,羽鳥潤,SynergySP,戀愛,溫馨,,,,,漫畫改編,新作,5.6,67.3
狂熱深淵-迷失的孩子,2021,秋番,12,2.5,900,大沼心,SILVER LINK.,冒險,科幻,,,,,原創作品,新作,1.5,18.5
橘色榮耀！,2021,秋番,12,4.5,400,安齋剛文,C2C,校園,運動,,,,,原創作品,新作,0.8,10.0
四季櫻,2021,秋番,12,3.7,300,須貝真也,サブリメイション,冒險,科幻,,,,,原創作品,新作,0.8,10.1
魯邦三世 PART6,2021,秋番,24,4.8,700,菅沼榮治,TMS Entertainment,動作,喜劇,,,,,漫畫改編,續作,1.3,30.5
國王排名,2021,秋番,23,4.7,18600,八田洋介,WIT STUDIO,冒險,奇幻,勵志,溫馨,,,漫畫改編,續作,26.4,607.8
鍵等,2021,秋番,12,4.8,1000,坂本一也,LIDENFILMS 京都 Studio,校園,喜劇,泡麵番,,,,遊戲改編,續作,2.0,24.1
世界盡頭的聖騎士,2021,秋番,12,4.3,4300,信田ユウ,Children's Playground Entertainment,冒險,奇幻,魔法,,,,小說改編,續作,14.2,170.0
BURN THE WITCH 龍與魔女,2020,秋番,3,4.8,1800,川野達朗,teamヤマヒツヂ／スタジオコロリド,動作,魔法,校園,,,,漫畫改編,新作,10.2,30.6
排球少年！！第四季 Part 2,2020,秋番,12,4.9,5500,佐藤雅子,Production I.G,校園,勵志,運動,,,,漫畫改編,續作,31.5,378.5
成神之日,2020,秋番,12,3.7,4800,淺井義之,P.A. WORKS,科幻,校園,戀愛,,,,原創作品,新作,12.7,152.6
戰翼的希格德莉法,2020,秋番,12,4.4,1200,德田大貴,A-1 Pictures,動作,科幻,,,,,原創作品,新作,3.6,43.8
魔法科高中的劣等生 來訪者篇,2020,秋番,13,4.8,4400,吉田りさこ,8bit,奇幻,魔法,科幻,校園,,,小說改編,續作,29.9,388.1
阿松 第三季,2020,秋番,25,4.4,700,藤田陽一,studio Pierrot,喜劇,悠閒,,,,,漫畫改編,續作,1.9,46.8
請問您今天要來點兔子嗎？BLOOM,2020,秋番,12,4.9,2300,橋本裕之,ENCOURAGE FILMS,喜劇,溫馨,悠閒,,,,漫畫改編,續作,4.6,55.2
在魔王城說晚安,2020,秋番,12,4.9,8800,山崎みつえ,動画工房,奇幻,喜劇,,,,,漫畫改編,新作,28.0,336.2
我立於百萬生命之上,2020,秋番,12,4.1,2100,羽原久美子,MAHO FILM,動作,冒險,奇幻,異世界,魔法,,漫畫改編,續作,17.3,208.1
魔女之旅,2020,秋番,12,4.9,7900,窪岡俊之,C2C,冒險,奇幻,魔法,血腥暴力,黑暗,,小說改編,新作,20.6,247.1
勇者鬥惡龍 達伊的大冒險,2020,秋番,101,4.8,3500,堀井雄二,東映動畫,動作,冒險,,,,,漫畫改編,新作,4.6,464.3
眾神眷顧的男人,2020,秋番,12,4.5,3200,柳瀬雄之,MAHO FILM,奇幻,異世界,魔法,,,,小說改編,新作,20.0,240.6
前說！,2020,秋番,13,4.4,200,信田ユウ,Studio 五組、AXsiZ,喜劇,溫馨,職場,,,,原創作品,新作,0.6,8.2
體操武士,2020,秋番,11,4.9,1400,清水久敏,MAPPA,勵志,溫馨,親情,運動,競技,闔家觀賞,原創作品,新作,2.6,28.5
攀岩少女！,2020,秋番,12,4.5,800,網野哲郎,BLADE,勵志,運動,競技,,,,漫畫改編,新作,3.8,45.3
催眠麥克風,2020,秋番,13,4.7,1300,小野勝巳,A-1 Pictures,競技,音樂,,,,,原創作品,續作,5.9,76.1
Love Live！虹咲學園 學園偶像同好會,2020,秋番,13,4.8,2300,公野櫻子,SUNRISE,校園,青春,偶像,音樂,,,漫畫改編,新作,5.0,65.0
光之戰記 -ZUERST-,2020,秋番,12,4.1,300,細田直人,橫濱アニメーションラボ,冒險,奇幻,,,,,遊戲改編,新作,1.5,18.2
小碧藍幻想！,2020,秋番,12,4.7,500,森井ケンシロウ,DMM.futureworks、W-Toon Studio,冒險,奇幻,魔法,喜劇,泡麵番,,遊戲改編,新作,1.9,23.2
咒術迴戰,2020,秋番,24,4.9,20200,朴性厚,MAPPA,動作,奇幻,超能力,校園,血腥暴力,靈異神怪,漫畫改編,新作,93.3,2238.1
黃金神威 第三季,2020,秋番,12,5.0,3900,難波日登志,Geno Studio,動作,冒險,料理,歷史,,,漫畫改編,續作,10.6,126.6
半妖的夜叉姬,2020,秋番,24,3.7,1800,佐藤照雄,SUNRISE,冒險,靈異神怪,,,,,漫畫改編,續作,6.9,166.3
D4DJ First Mix,2020,秋番,14,4.9,1200,水島精二,三次元,校園,青春,偶像,音樂,,,遊戲改編,續作,2.7,38.1
王之逆襲：意志的繼承者,2020,秋番,26,4.1,600,星野真,OLM × SUNRISE BEYOND,冒險,奇幻,,,,,遊戲改編,新作,3.0,77.6
鐵路浪漫譚,2020,秋番,12,4.5,500,ひらさわひさよし,サエッタ,戀愛,泡麵番,,,,,遊戲改編,續作,1.2,14.9
彼得・格里爾的賢者時間 Super Extra 年齡限制版,2022,秋番,12,4.3,1800,辰美,WolfsBane×Animation StudiO Seven,奇幻,喜劇,18禁,,,,漫畫改編,續作,4.7,56.9
土下座跪求給看 年齡限制版,2020,秋番,13,4.5,1700,永居慎平,アドネロ,動作,喜劇,勵志,18禁,,,漫畫改編,新作,8.0,103.4
女神宿舍的管理員。 年齡限制版,2021,夏番,10,4.7,2300,中重俊祐,Asread,校園,喜劇,戀愛,18禁,,,漫畫改編,新作,11.3,112.7
彼得・格里爾的賢者時間 年齡限制版,2020,夏番,12,4.2,1600,辰美,Wolfsbane,奇幻,喜劇,18禁,,,,漫畫改編,新作,11.2,133.9
壽司大相撲,2021,春番,52,4.1,400,助川勇太,白組,喜劇,悠閒,闔家觀賞,泡麵番,,,漫畫改編,新作,0.4,23.3
月歌。THE ANIMATION 2,2020,秋番,13,4.1,200,西本由紀夫,Children's Playground Entertainment,偶像,音樂,,,,,原創作品,續作,0.6,7.8
